datetime,zone_1,zone_2,zone_3,zone_4,zone_5
2004-01-01,1486969,402200,3258627,3515963,14661
2004-01-02,1426468,409477,3698050,3990102,14196
2004-01-03,1320876,368016,3330975,3594026,12355
2004-01-04,1170487,326785,3173938,3424578,11352
2004-01-05,1219942,348839,4046833,4366437,11506
2004-01-06,1606993,521793,4724497,5097642,14952
2004-01-07,1968050,663385,5392437,5818345,18067
2004-01-08,1945891,618726,5230353,5643461,17165
2004-01-09,1889552,608845,4938671,5328731,16745
2004-01-10,2103718,654233,5352922,5775712,18058
2004-01-11,2213188,698740,5048471,5447208,18348
2004-01-12,1731053,497215,4554831,4914567,14784
2004-01-13,1602672,447034,4496018,4851110,14916
2004-01-14,1684888,493925,4779945,5157464,15084
2004-01-15,1636839,494945,4989333,5383388,16077
2004-01-16,1899538,577138,5520897,5956952,18199
2004-01-17,1843769,535128,4863205,5247304,18290
2004-01-18,1607499,473455,4310494,4650925,16001
2004-01-19,1809168,588624,5257342,5672580,17273
2004-01-20,1982888,650131,5419830,5847899,18182
2004-01-21,1977175,647076,5418138,5846076,18710
2004-01-22,1780490,541922,4988787,5382807,17046
2004-01-23,1873908,598802,5399707,5826190,18488
2004-01-24,1723368,514386,5057322,5456753,18155
2004-01-25,2205497,727768,5375522,5800097,19319
2004-01-26,2253484,752017,5481182,5914101,17913
2004-01-27,2033684,637944,5290501,5708361,16165
2004-01-28,1982315,640669,5208194,5619552,17746
2004-01-29,1834659,543388,4911427,5299335,16361
2004-01-30,1763622,554822,5109784,5513363,16633
2004-01-31,2068604,692317,5295329,5713566,19141
2004-02-01,1879943,595857,4894323,5280878,17591
2004-02-02,1709072,588250,5143120,5549333,16229
2004-02-03,1566647,518615,4829194,5210607,15211
2004-02-04,1599308,482195,4577317,4938833,14829
2004-02-05,1743235,579788,4945595,5336199,16333
2004-02-06,1666543,587344,4699184,5070328,7791
2004-02-07,1550706,527278,4291406,4630334,12628
2004-02-08,1668556,545548,4460672,4812971,14718
2004-02-09,1709439,552083,4724435,5097569,16441
2004-02-10,1510555,474181,4285273,4623716,14785
2004-02-11,1522678,477764,4378506,4724310,14847
2004-02-12,1648866,517035,4474805,4828216,14753
2004-02-13,1541950,468096,4498054,4853308,14501
2004-02-14,1494582,463491,4380600,4726571,16028
2004-02-15,1612816,519970,4468162,4821049,16116
2004-02-16,1798602,581618,5248530,5663065,16319
2004-02-17,1913336,597875,5196936,5607403,15730
2004-02-18,1672902,543771,4950170,5341139,15559
2004-02-19,1470915,429512,4435079,4785357,14023
2004-02-20,1331475,398988,4202881,4534813,13827
2004-02-21,1202497,389689,3955018,4267365,14702
2004-02-22,1380043,453487,4208131,4540475,15028
2004-02-23,1503684,481594,4557304,4917235,14491
2004-02-24,1398020,443550,4672935,5042009,14407
2004-02-25,1535181,465045,4712306,5084482,14472
2004-02-26,1753315,553156,4905889,5293359,16000
2004-02-27,1584224,461507,4525311,4882715,14927
2004-02-28,1477935,457216,4048414,4368143,15206
2004-02-29,1389339,423322,3815717,4117062,14472
2004-03-01,1365555,374131,4009059,4325679,12747
2004-03-02,1239152,333853,3740613,4036021,11738
2004-03-03,1187922,335324,3756324,4052979,11830
2004-03-04,1205441,311930,3846439,4150208,11715
2004-03-05,1151619,301368,3717870,4011485,11334
2004-03-06,1169293,310795,3298069,3558520,11989
2004-03-07,1183744,320288,3402088,3670759,12714
2004-03-08,1478839,436611,4367020,4711914,14153
2004-03-09,1522708,453023,4532180,4890127,14206
2004-03-10,1618233,450177,4540474,4899080,13934
2004-03-11,1545563,443043,4319409,4660545,13826
2004-03-12,1366042,372656,4189780,4520682,14405
2004-03-13,1464365,423125,3701077,3993367,15544
2004-03-14,1375317,376916,3543204,3823020,14203
2004-03-15,1237939,327863,3434776,3706025,11932
2004-03-16,1306138,396414,4133140,4459564,12948
2004-03-17,1473489,435715,4231530,4565725,13642
2004-03-18,1535099,409282,4018722,4336105,13388
2004-03-19,1339173,358918,3805319,4105840,13824
2004-03-20,1377089,391165,3441124,3712877,13919
2004-03-21,1267610,372889,3391587,3659424,13719
2004-03-22,1681250,497954,4344935,4688093,14679
2004-03-23,1667298,477075,4165497,4494477,13910
2004-03-24,1475860,414996,3755526,4052120,13066
2004-03-25,1271181,336976,3305921,3566990,11403
2004-03-26,1167709,306031,3102747,3347766,11075
2004-03-27,1127125,316257,2714411,2928753,11687
2004-03-28,1119333,308587,2684919,2896923,11281
2004-03-29,1292209,333941,3295561,3555815,11117
2004-03-30,1419903,403800,3790004,4089322,12174
2004-03-31,1370868,414142,3778295,4076685,12688
2004-04-01,1298600,387838,3881036,4187539,12915
2004-04-02,1332055,406332,3976996,4291085,13170
2004-04-03,1286582,396503,3417182,3687041,13163
2004-04-04,1299635,416434,3581733,3864595,13438
2004-04-05,1392649,430457,4220276,4553585,13630
2004-04-06,1340784,389716,3817085,4118537,12477
2004-04-07,1175919,331260,3330812,3593848,11259
2004-04-08,1092163,312365,3609647,3894712,11149
2004-04-09,1079607,312402,3370484,3636653,11292
2004-04-10,1179128,346078,3161124,3410753,12007
2004-04-11,1213696,344299,3359895,3625228,12036
2004-04-12,1394740,428615,4167607,4496750,12756
2004-04-13,1275970,388398,4190340,4521283,12119
2004-04-14,1225542,399502,4063401,4384314,12432
2004-04-15,1128211,362996,3856631,4161211,11725
2004-04-16,1064804,336689,3643692,3931451,11294
2004-04-17,972809,331702,3154611,3403724,11359
2004-04-18,962562,351336,3137358,3385113,10969
2004-04-19,1067011,356241,3723505,4017569,10537
2004-04-20,1172514,350827,3721037,4014907,10053
2004-04-21,1223174,336173,3656607,3945386,9926
2004-04-22,1210433,337660,3648208,3936322,9765
2004-04-23,1238966,340396,3578860,3861493,10105
2004-04-24,1200120,356530,3119648,3366005,10589
2004-04-25,1118512,325254,2951518,3184586,10397
2004-04-26,1119447,315408,3446066,3718212,9983
2004-04-27,1105181,313706,3534757,3813910,10499
2004-04-28,1166316,337131,3608207,3893159,10536
2004-04-29,1162632,318229,3483329,3758419,10221
2004-04-30,1097117,303539,3180264,3431414,10167
2004-05-01,1092892,316088,2950233,3183205,10646
2004-05-02,1141228,336202,2999990,3236891,10604
2004-05-03,1158364,320619,3352174,3616902,10665
2004-05-04,1230935,341482,3532339,3811298,10535
2004-05-05,1207449,321891,3517352,3795125,10185
2004-05-06,1204364,345140,3506653,3783580,10322
2004-05-07,1331693,391461,3612673,3897975,10320
2004-05-08,1201148,354641,3021176,3259749,10612
2004-05-09,1257425,375007,3192568,3444678,10976
2004-05-10,1386439,399277,3907890,4216521,10969
2004-05-11,1374454,409914,4074543,4396334,10711
2004-05-12,1330586,397526,4136250,4462918,10923
2004-05-13,1344521,386295,4157391,4485727,10584
2004-05-14,1372882,394457,4000607,4316557,11256
2004-05-15,1384848,411630,3446352,3718515,11703
2004-05-16,1268377,370049,3209019,3462441,11261
2004-05-17,1263793,359097,3758517,4055335,10972
2004-05-18,1360360,385575,3798754,4098757,10576
2004-05-19,1351396,389430,3630007,3916685,10769
2004-05-20,1350243,395605,3588468,3871861,11146
2004-05-21,1510417,415136,3603068,3887614,11677
2004-05-22,1539228,436409,3525676,3804110,12443
2004-05-23,1548389,448782,3880966,4187464,12495
2004-05-24,1559582,452045,4333228,4675459,11859
2004-05-25,1606197,466738,4300209,4639832,11686
2004-05-26,1508293,431208,4032621,4351104,10673
2004-05-27,1461789,417618,3954431,4266736,10860
2004-05-28,1415759,400678,3678310,3968801,11220
2004-05-29,1352866,422332,2924387,3155316,11846
2004-05-30,1159934,341410,2838819,3062985,11765
2004-05-31,1408145,403734,3030696,3270023,12126
2004-06-01,1364181,381212,3558751,3839802,10652
2004-06-02,1406961,382697,3698205,3990270,10762
2004-06-03,1423423,405154,3717894,4011507,10844
2004-06-04,1164915,330433,3388601,3656208,10543
2004-06-05,1123622,339176,2991290,3227505,11152
2004-06-06,1153756,354542,2929607,3160948,11039
2004-06-07,1242144,396751,3734204,4029109,10924
2004-06-08,1343383,406867,4348108,4691513,11821
2004-06-09,1594742,458214,4745498,5120298,11977
2004-06-10,1636859,456039,4530077,4887863,11934
2004-06-11,1644362,467032,3892922,4200372,12129
2004-06-12,1308902,372039,3414254,3683882,11561
2004-06-13,1197674,351393,3264899,3522729,11336
2004-06-14,1442657,420706,4347408,4690756,11703
2004-06-15,1517205,432348,4701900,5073257,11801
2004-06-16,1588063,469576,4621661,4986674,12191
2004-06-17,1746426,529520,4876761,5261928,12746
2004-06-18,1799073,523605,4742992,5117596,12727
2004-06-19,1706026,501458,3924585,4234530,11822
2004-06-20,1377561,412090,3269127,3527291,10972
2004-06-21,1327693,366186,3853985,4158356,9898
2004-06-22,1530840,462946,4348043,4691446,11447
2004-06-23,1476537,408786,4136872,4463589,11085
2004-06-24,1542711,463999,4390834,4737617,11495
2004-06-25,1456413,395767,4180288,4510435,11120
2004-06-26,1441479,421961,3689022,3980359,10817
2004-06-27,1298737,371817,3471748,3745922,10975
2004-06-28,1395491,408606,4159377,4487870,10433
2004-06-29,1532826,428212,4045792,4365316,10358
2004-06-30,1554646,449673,4092786,4416021,10922
2004-07-01,1597664,471618,4365656,4710447,11117
2004-07-02,1752090,528579,4599196,4962434,11608
2004-07-03,1765731,525661,3904395,4212748,12670
2004-07-04,1772321,521889,3556637,3837512,12791
2004-07-05,1879248,553013,4033180,4351705,12851
2004-07-06,1866119,567916,4640174,5006658,11960
2004-07-07,1747073,529653,4586672,4948925,11239
2004-07-08,1796479,525625,4529474,4887206,11079
2004-07-09,1834337,543250,4506875,4862826,11794
2004-07-10,1803845,488057,3588729,3872142,11842
2004-07-11,1732579,501131,3898874,4206791,12150
2004-07-12,1730176,531493,4245361,4580652,12098
2004-07-13,1887662,551144,4278307,4616197,12125
2004-07-14,1856043,548395,4270341,4607606,11736
2004-07-15,1661030,470924,3938473,4249518,10826
2004-07-16,1608138,454805,3865873,4171182,11161
2004-07-17,1614484,428195,3295740,3556003,11346
2004-07-18,1539854,430881,3122264,3368826,11072
2004-07-19,1657123,467347,3826856,4129078,10996
2004-07-20,1619783,470510,4151897,4479801,10893
2004-07-21,1686391,495726,4411423,4759830,11385
2004-07-22,1745120,459614,4582148,4944044,11464
2004-07-23,1759006,512512,4381723,4727788,12476
2004-07-24,1581526,482974,3694594,3986367,12136
2004-07-25,1478813,422021,3166005,3416018,11942
2004-07-26,1682833,427562,3775904,4074100,12069
2004-07-27,1757158,448391,4139881,4466838,12044
2004-07-28,1722892,486583,4257009,4593217,12006
2004-07-29,1620587,426373,4207650,4539958,11548
2004-07-30,1761262,500639,4416303,4765095,12318
2004-07-31,1873764,544399,4192179,4523265,13083
2004-08-01,1802866,563110,3996793,4312446,13510
2004-08-02,1691321,505743,4354740,4698668,12714
2004-08-03,1731175,528318,4523457,4880715,12572
2004-08-04,1842279,550730,4605893,4969662,12586
2004-08-05,1611219,427418,3963991,4277047,11500
2004-08-06,1366906,370184,3455480,3728360,10890
2004-08-07,1355836,367246,3076736,3319705,11423
2004-08-08,1402147,388860,3092237,3336422,11384
2004-08-09,1500301,436400,3875497,4181562,11318
2004-08-10,1616661,457021,4343332,4686362,11304
2004-08-11,1651531,455205,4334565,4676907,11439
2004-08-12,1474079,386834,3928590,4238853,11075
2004-08-13,1462277,398899,3746871,4042770,11060
2004-08-14,1317573,348892,3202992,3455934,11415
2004-08-15,1235424,360417,3334488,3597816,11416
2004-08-16,1484702,414364,3913629,4222706,10956
2004-08-17,1455677,403509,4110045,4434645,10346
2004-08-18,1509270,457849,4252142,4587970,10727
2004-08-19,1774698,505005,4520258,4877266,11204
2004-08-20,1849521,525097,4609515,4973571,11832
2004-08-21,1746287,472373,3705511,3998144,11858
2004-08-22,1514517,410427,3384562,3651847,11226
2004-08-23,1562947,436140,4053485,4373620,10997
2004-08-24,1625293,455183,4292129,4631116,10779
2004-08-25,1583637,414408,4266002,4602923,10566
2004-08-26,1593756,408858,4254672,4590696,10127
2004-08-27,1679052,455280,4372035,4717331,10887
2004-08-28,1750659,492070,4362595,4707143,12099
2004-08-29,1673258,457022,4321474,4662771,11724
2004-08-30,1463664,438348,4652204,5019632,11075
2004-08-31,1680707,464822,4492878,4847715,10702
2004-09-01,1440101,441969,4189771,4520662,10427
2004-09-02,1378050,404232,4054537,4374749,10337
2004-09-03,1436077,398829,3952064,4264181,11070
2004-09-04,1509070,427841,3592605,3876323,12142
2004-09-05,1491650,431512,3336000,3599447,12392
2004-09-06,1439887,372441,2976499,3211540,12024
2004-09-07,1440075,377666,3832630,4135314,10650
2004-09-08,1526543,387828,4125620,4451448,10809
2004-09-09,1531674,408280,4052937,4373025,10289
2004-09-10,1448369,384081,3876378,4182517,10452
2004-09-11,1448197,386706,3474390,3748768,10799
2004-09-12,1418581,393739,3508083,3785124,10435
2004-09-13,1393396,386005,3985023,4299741,9961
2004-09-14,1328633,364060,3770509,4068283,9653
2004-09-15,1269653,358817,3660105,3949153,9943
2004-09-16,1327189,358812,3872244,4178053,10344
2004-09-17,1435457,370608,3825474,4127589,11059
2004-09-18,1239474,329999,3123592,3370261,11299
2004-09-19,1170226,315658,2901212,3130315,11093
2004-09-20,1189658,318378,3357855,3623024,10665
2004-09-21,1239351,330360,3529995,3808769,10318
2004-09-22,1334588,370797,3690208,3981640,10474
2004-09-23,1361982,381775,3749676,4045805,10496
2004-09-24,1316216,363108,3707517,4000320,10911
2004-09-25,1265488,361829,3290446,3550292,11125
2004-09-26,1270068,359850,3166947,3417042,10803
2004-09-27,1255105,332498,3583998,3867039,10073
2004-09-28,1308595,349388,3650207,3938474,10332
2004-09-29,1241765,353435,3621196,3907176,10046
2004-09-30,1238417,341625,3616844,3902478,10090
2004-10-01,1204240,317636,3475646,3750130,10937
2004-10-02,1242890,346141,3185705,3437274,11300
2004-10-03,1162560,322484,3010805,3248558,10967
2004-10-04,1207462,337951,3457758,3730821,10674
2004-10-05,1145427,318931,3429584,3700422,10560
2004-10-06,1152505,322662,3549454,3829767,11318
2004-10-07,1182105,331476,3588539,3871935,11225
2004-10-08,1170973,328612,3507253,3784226,11924
2004-10-09,1161093,318942,3120279,3366685,12790
2004-10-10,1134533,324383,2988441,3224428,11793
2004-10-11,1149313,327920,3515319,3792930,11632
2004-10-12,1094473,328477,3655085,3943744,11430
2004-10-13,1114157,335520,3775988,4074193,11323
2004-10-14,1165183,328205,3664358,3953746,10855
2004-10-15,1143211,321736,3496174,3772278,11646
2004-10-16,1194317,349211,3293118,3553176,13478
2004-10-17,1221817,349908,3247370,3503814,12841
2004-10-18,1253147,364319,3766320,4063762,11936
2004-10-19,1166167,331675,3692671,3984298,10779
2004-10-20,1185265,329957,3761647,4058717,11156
2004-10-21,1168825,341518,3744827,4040569,11255
2004-10-22,1185129,343484,3691143,3982649,12146
2004-10-23,1261809,356803,3283159,3542428,13404
2004-10-24,1236401,348126,3385756,3653129,12489
2004-10-25,1211114,333425,3674350,3964530,11455
2004-10-26,1195766,322157,3688056,3979315,11010
2004-10-27,1206143,349210,3688451,3979747,11349
2004-10-28,1180915,352952,3643302,3931026,11257
2004-10-29,1151562,329790,3535892,3815134,11570
2004-10-30,1109201,319388,3149454,3398162,11942
2004-10-31,1098264,308378,2975335,3210293,11380
2004-11-01,1195117,325415,3438653,3710208,10915
2004-11-02,1184639,330780,3564811,3846333,10800
2004-11-03,1173426,324829,3521293,3799376,10531
2004-11-04,1281614,360530,3860100,4164950,12154
2004-11-05,1309287,365098,3795291,4095024,13035
2004-11-06,1345045,370877,3420173,3690267,14081
2004-11-07,1264799,341045,3158828,3408283,13085
2004-11-08,1210889,348911,3673751,3963880,12568
2004-11-09,1433985,416715,4259297,4595692,13938
2004-11-10,1543261,434519,4298418,4637898,13900
2004-11-11,1450064,423169,3975748,4289733,13638
2004-11-12,1356145,389119,4009268,4325906,14520
2004-11-13,1439377,387493,3800642,4100796,15897
2004-11-14,1623546,446131,3962871,4275846,15896
2004-11-15,1594332,446744,4257814,4594087,14627
2004-11-16,1548154,433534,4075079,4396918,13923
2004-11-17,1410975,364040,3957927,4270510,13271
2004-11-18,1300261,339895,3707504,4000301,12614
2004-11-19,1220182,319915,3657055,3945863,13021
2004-11-20,1219585,341581,3348977,3613448,14088
2004-11-21,1183853,331543,3262702,3520352,13760
2004-11-22,1314926,356215,3706512,3999228,13268
2004-11-23,1320969,373972,3849946,4153995,13797
2004-11-24,1309466,388040,3740976,4036413,14906
2004-11-25,1321064,401659,3133696,3381162,14635
2004-11-26,1562516,467933,3545470,3825467,18384
2004-11-27,1631267,473164,3593893,3877710,17189
2004-11-28,1319850,402685,3509394,3786538,14570
2004-11-29,1415195,438677,4175176,4504917,13782
2004-11-30,1357750,421129,4198536,4530124,13425
2004-12-01,1164593,409650,4116577,4441692,13631
2004-12-02,1345291,454908,4339393,4682117,14312
2004-12-03,1318169,443589,4365042,4709783,14271
2004-12-04,1425567,473823,4189820,4520721,15112
2004-12-05,1405543,431992,3732382,4027140,13714
2004-12-06,1369683,423870,4184506,4514987,13519
2004-12-07,1232193,378800,4141306,4468375,12328
2004-12-08,1186350,359477,3899294,4207241,11971
2004-12-09,1442041,458920,4395844,4743019,13310
2004-12-10,1259352,418510,4208575,4540957,12561
2004-12-11,1366852,424177,3887906,4194959,13851
2004-12-12,1438077,462891,4043797,4363164,14508
2004-12-13,1453201,480469,4517333,4874109,14371
2004-12-14,1713325,596637,4992558,5386872,16021
2004-12-15,1840792,619893,5134474,5539999,16135
2004-12-16,1830639,573345,5024888,5421760,16627
2004-12-17,1612522,480773,4520059,4877049,15367
2004-12-18,1664159,521256,4462675,4815132,16383
2004-12-19,1774002,584802,4633094,4999010,16451
2004-12-20,2220187,839633,6001897,6475958,19891
2004-12-21,1865709,620295,5181054,5590265,17467
2004-12-22,1522241,487440,4311907,4652458,14099
2004-12-23,1386024,442810,3922933,4232746,14551
2004-12-24,1764872,608077,4317273,4658240,17029
2004-12-25,1842831,657807,4322305,4663668,17910
2004-12-26,1854985,617657,4734171,5108076,17814
2004-12-27,1918234,604941,5077363,5478382,18119
2004-12-28,1940341,611294,5100923,5503803,18252
2004-12-29,1584463,459835,4434716,4784963,16523
2004-12-30,1383056,448868,4202151,4534025,15769
2004-12-31,1370511,427428,3520568,3798599,14883
2005-01-01,1260071,338982,3072168,3314769,13896
2005-01-02,1248603,344942,3665990,3955507,13421
2005-01-03,1311894,322138,3937909,4248909,12299
2005-01-04,1204765,268391,3798889,4098903,11803
2005-01-05,1186296,269748,4184935,4515448,11730
2005-01-06,1230219,297701,4346460,4689737,12134
2005-01-07,1281999,346596,4356567,4700638,13760
2005-01-08,1354626,361566,3918745,4228231,13644
2005-01-09,1468193,417705,4154864,4483001,13867
2005-01-10,1475246,378962,4402936,4750672,13015
2005-01-11,1437854,345552,4370677,4715866,12847
2005-01-12,1284538,300674,4270774,4608068,12116
2005-01-13,1160725,264850,4014261,4331297,11553
2005-01-14,1305880,339254,4153898,4481964,13933
2005-01-15,1716625,493317,4499406,4854768,16110
2005-01-16,1745762,496315,4553246,4912858,15712
2005-01-17,2028386,665223,5699125,6149265,18693
2005-01-18,2256721,732503,6046119,6523671,18911
2005-01-19,2318849,716455,5834228,6295038,18481
2005-01-20,1886246,496988,5084667,5486267,16100
2005-01-21,1926986,594336,5118052,5522285,16192
2005-01-22,2095137,680429,5453103,5883805,18482
2005-01-23,2204427,779616,5658433,6105364,20445
2005-01-24,2169374,719160,5949517,6419435,19472
2005-01-25,1824954,521908,5123688,5528367,16400
2005-01-26,1590667,444241,4709013,5080928,14875
2005-01-27,1771539,475758,5336760,5758270,16274
2005-01-28,2105052,643471,5637475,6082741,17734
2005-01-29,2033899,677699,5169020,5577279,18763
2005-01-30,1801876,526727,4714418,5086765,16257
2005-01-31,1789410,512806,5067723,5467978,15886
2005-02-01,1752622,552809,5045905,5444436,15112
2005-02-02,1719816,570642,5026011,5422975,15262
2005-02-03,1884586,565181,4966669,5358938,15315
2005-02-04,1748929,490545,4609499,4973557,14845
2005-02-05,1587375,450211,4126498,4452393,15399
2005-02-06,1567309,454294,4044413,4363824,14389
2005-02-07,1491134,422884,4243023,4578125,13353
2005-02-08,1363247,375461,4034269,4352882,12344
2005-02-09,1364277,374591,3907623,4216227,12623
2005-02-10,1521258,477505,4534538,4892674,14695
2005-02-11,1830529,603146,5037516,5435383,16856
2005-02-12,1652404,462157,4198729,4530330,15875
2005-02-13,1460519,436657,4037488,4356358,14882
2005-02-14,1465630,463151,4602740,4966260,14179
2005-02-15,1338581,404652,4200652,4532407,13009
2005-02-16,1279355,404985,4162554,4491306,13220
2005-02-17,1577335,489030,4608823,4972823,14840
2005-02-18,1794793,556338,5048079,5446780,16838
2005-02-19,1763117,537572,4699889,5071084,16860
2005-02-20,1668739,511936,4317724,4658729,16016
2005-02-21,1469223,440409,4272939,4610406,14879
2005-02-22,1432862,385801,4140399,4467394,12773
2005-02-23,1441707,401812,4305021,4645022,13143
2005-02-24,1776916,565801,4946781,5337484,15073
2005-02-25,1835688,525889,4669598,5038403,14776
2005-02-26,1727000,501481,4461550,4813922,16542
2005-02-27,1722276,522094,4358493,4702720,14975
2005-02-28,1897334,608988,4950670,5341679,15300
2005-03-01,1659817,580933,4819621,5200272,15296
2005-03-02,1685633,611223,5190464,5600422,16484
2005-03-03,1666824,589032,5190944,5600938,16577
2005-03-04,1609799,542700,4889594,5275775,16522
2005-03-05,1597611,520076,4310450,4650877,13990
2005-03-06,1415640,430576,4166045,4495062,13376
2005-03-07,1415563,430585,4166508,4495569,13376
2005-03-08,1415371,430546,4165998,4495025,13376
2005-03-09,1414924,430419,4165644,4494651,13376
2005-03-10,1413913,430181,4165610,4494626,13376
2005-03-11,1411691,429860,4162285,4491049,13376
2005-03-12,1407081,429597,4159675,4488252,13376
2005-03-13,1304586,385612,3991885,4307146,14710
2005-03-14,1493403,444254,4409070,4757286,13657
2005-03-15,1522906,450282,4551831,4911329,14210
2005-03-16,1645518,499285,4442833,4793724,13984
2005-03-17,1774182,539732,4348598,4692045,14137
2005-03-18,1519675,472161,4161351,4490005,14693
2005-03-19,1414339,429410,3681243,3971962,14923
2005-03-20,1283007,371951,3504593,3781357,13802
2005-03-21,1351419,396267,4067208,4388425,13448
2005-03-22,1341339,408252,4165172,4494129,13135
2005-03-23,1246004,390019,4208812,4541210,13281
2005-03-24,1261672,364851,4183223,4513603,12974
2005-03-25,1397499,425327,3907726,4216344,13710
2005-03-26,1339728,410241,3775614,4073792,13847
2005-03-27,1345946,429887,3686816,3977974,13128
2005-03-28,1247870,376456,4264491,4601292,12923
2005-03-29,1168936,340481,3970126,4283666,11846
2005-03-30,1172095,340548,3806618,4107243,11698
2005-03-31,1154299,346930,3810737,4111688,11667
2005-04-01,1103729,374242,3669430,3959220,11886
2005-04-02,1164744,388741,3529104,3807809,13664
2005-04-03,1247906,414048,3822808,4124715,11694
2005-04-04,1163609,345810,3854900,4159340,12070
2005-04-05,1143529,335887,3750017,4046172,11220
2005-04-06,997651,320169,3581398,3864232,10559
2005-04-07,1065386,315153,3564327,3845812,10717
2005-04-08,1052249,307572,3449728,3722158,11476
2005-04-09,1086755,306705,3126852,3373782,11936
2005-04-10,1141686,325788,3100614,3345471,11474
2005-04-11,1124518,323994,3518127,3795967,10765
2005-04-12,1212588,352265,3737201,4032340,11472
2005-04-13,1349292,411289,3702519,3994926,11674
2005-04-14,1275414,382830,3731718,4026430,11959
2005-04-15,1254286,349935,3666292,3955830,12237
2005-04-16,1322703,382359,3414585,3684242,13493
2005-04-17,1254994,362042,3244980,3501236,12721
2005-04-18,1147811,327903,3525964,3804415,11068
2005-04-19,1114321,327314,3576406,3858846,11185
2005-04-20,1092094,340658,3650114,3938380,11007
2005-04-21,1138179,334925,3477599,3752233,10640
2005-04-22,1061331,308890,3482783,3757827,11232
2005-04-23,1082087,322022,3165969,3415986,11979
2005-04-24,1281322,420135,3489776,3765373,13783
2005-04-25,1225328,365311,3913390,4222448,13020
2005-04-26,1172315,336525,3742172,4037706,11600
2005-04-27,1110198,324273,3556533,3837403,10875
2005-04-28,1130755,343611,3605055,3889762,11455
2005-04-29,1102644,333794,3384646,3651934,11917
2005-04-30,1083044,320273,3072687,3315329,13257
2005-05-01,1100271,307905,2939916,3172076,11839
2005-05-02,1202273,360571,3777904,4076260,12732
2005-05-03,1189335,362557,3920104,4229703,12573
2005-05-04,1160284,334993,3732946,4027758,12082
2005-05-05,1230915,338747,3723434,4017495,11670
2005-05-06,1387721,346175,3632066,3918902,11753
2005-05-07,1278660,346599,3268971,3527121,12423
2005-05-08,1132975,324860,3047822,3288505,12017
2005-05-09,1187951,336855,3657922,3946803,11294
2005-05-10,1226115,344546,3839431,4142648,11105
2005-05-11,1330260,375338,4052794,4372869,11283
2005-05-12,1359462,402873,3892540,4199955,11713
2005-05-13,1158949,322912,3886108,4193017,11176
2005-05-14,1207082,342242,4027680,4345769,12132
2005-05-15,1164644,319104,3896009,4203692,11360
2005-05-16,1164620,328308,4253581,4589514,10579
2005-05-17,1179260,323380,4224624,4558276,10483
2005-05-18,1150750,343576,4246099,4581445,10777
2005-05-19,1181065,324318,4230895,4565040,10753
2005-05-20,1173285,315492,3992370,4307677,11117
2005-05-21,1145736,313401,3186890,3438558,11489
2005-05-22,1150305,318031,3060535,3302222,11448
2005-05-23,1214436,340524,3573731,3855962,10901
2005-05-24,1160654,315425,3692155,3983741,11380
2005-05-25,1185389,321233,3748091,4044095,11382
2005-05-26,1227439,342106,3710809,4003865,11291
2005-05-27,1270436,347543,3634441,3921464,11452
2005-05-28,1252848,334364,3096730,3341276,12237
2005-05-29,1169032,345234,2996441,3233059,12369
2005-05-30,1187670,366060,2971498,3206149,12402
2005-05-31,1254658,358011,3688127,3979399,11323
2005-06-01,1115852,329042,3838794,4141960,11452
2005-06-02,1158404,333784,3732026,4026757,11534
2005-06-03,1179631,323931,3662285,3951509,11457
2005-06-04,1255280,376490,3436194,3707557,11878
2005-06-05,1489899,452159,3844344,4147952,11939
2005-06-06,1707871,498265,4750460,5125648,11882
2005-06-07,1584082,449141,4836806,5218818,12021
2005-06-08,1556377,477634,4981493,5374935,11794
2005-06-09,1542905,462807,4775005,5152139,11999
2005-06-10,1650956,481161,4583498,4945498,12216
2005-06-11,1634026,463390,4346969,4690283,12638
2005-06-12,1600174,443966,4157057,4485368,11523
2005-06-13,1743421,494896,4774322,5151399,12084
2005-06-14,1920149,555558,5102802,5505828,12169
2005-06-15,1820867,519774,4694647,5065433,11821
2005-06-16,1660840,447376,4261657,4598232,10969
2005-06-17,1503471,394032,3780966,4079565,10759
2005-06-18,1425371,364914,3397815,3666142,11338
2005-06-19,1246573,350261,3286925,3546497,11195
2005-06-20,1616599,468573,4463564,4816184,13609
2005-06-21,1616190,468573,4463564,4816184,13520
2005-06-22,1616283,468573,4463564,4816184,13481
2005-06-23,1615276,468573,4463564,4816184,13518
2005-06-24,1614384,468573,4463564,4816184,13605
2005-06-25,1611576,468573,4463564,4816184,13678
2005-06-26,1604242,468573,4463564,4816184,13685
2005-06-27,1765659,531066,4749007,5124081,13230
2005-06-28,1647691,468447,4716376,5088876,12846
2005-06-29,1545963,483128,4749430,5124540,12926
2005-06-30,1825315,532370,4818903,5199505,13246
2005-07-01,1991273,553386,4781222,5158843,13262
2005-07-02,1823810,497771,4119039,4444345,14464
2005-07-03,1726619,490256,3596349,3880360,13828
2005-07-04,1668726,493796,3758835,4055685,14082
2005-07-05,1860775,503473,4347569,4690933,13604
2005-07-06,1905238,506644,4449459,4800865,13194
2005-07-07,1606593,395395,4094058,4417393,11915
2005-07-08,1645013,448003,3961314,4274165,12214
2005-07-09,1730591,489737,3911575,4220496,12674
2005-07-10,1801578,520495,3979720,4294025,12709
2005-07-11,1773691,518817,4590251,4952783,13134
2005-07-12,1792805,551186,4903913,5291227,12844
2005-07-13,1816085,545890,4705782,5077446,12609
2005-07-14,1677125,457987,4496913,4852074,12023
2005-07-15,1835232,490680,4619477,4984322,12547
2005-07-16,1956131,528527,4500499,4855941,13926
2005-07-17,1929329,560113,4375141,4720679,13436
2005-07-18,1971454,577698,5005409,5400743,13401
2005-07-19,2001209,580266,5019742,5416206,13242
2005-07-20,2014152,596963,5054864,5454105,13517
2005-07-21,2012101,615667,4795736,5174502,13280
2005-07-22,1964806,590619,4925684,5314716,13714
2005-07-23,1914140,581291,4461499,4813862,13803
2005-07-24,1764792,540166,3982225,4296724,12985
2005-07-25,2034793,634697,5125056,5529839,14178
2005-07-26,2176999,651186,5322449,5742830,13643
2005-07-27,2193380,659848,5323145,5743578,13677
2005-07-28,1850508,494470,4276991,4614778,12826
2005-07-29,1539032,434988,4196867,4528326,12843
2005-07-30,1647096,450982,4127871,4453879,13554
2005-07-31,1509020,443745,3991455,4306690,12957
2005-08-01,1694674,503097,4625062,4990346,12840
2005-08-02,1847361,550018,4990438,5384586,13063
2005-08-03,1956169,588513,5023196,5419936,13222
2005-08-04,2003799,596222,5152969,5559962,13539
2005-08-05,2039641,603322,5044748,5443189,13740
2005-08-06,1939226,558762,4385511,4731871,14117
2005-08-07,1730405,509224,4179208,4509269,13615
2005-08-08,1706904,514067,4440856,4791593,13559
2005-08-09,1628686,471294,4285250,4623690,13140
2005-08-10,1783268,536821,4688529,5058827,13837
2005-08-11,1996631,589840,5017026,5413276,13612
2005-08-12,2071701,616135,5108455,5511926,14281
2005-08-13,2097129,622529,4920186,5308792,15155
2005-08-14,2057417,625963,4857381,5241018,14942
2005-08-15,2074566,605679,5111533,5515248,14269
2005-08-16,1974430,524375,4594589,4957467,13451
2005-08-17,1745311,501899,4531346,4889221,13333
2005-08-18,1601084,423689,4418760,4767749,12186
2005-08-19,1830527,499977,4171873,4501356,13180
2005-08-20,2090705,579483,4477816,4831470,14596
2005-08-21,2078048,593483,4618140,4982880,14163
2005-08-22,1882017,532701,4550341,4909723,12367
2005-08-23,1555265,470141,4320043,4661233,11929
2005-08-24,1622980,479666,4287738,4626373,12252
2005-08-25,1616492,458995,4109216,4433751,12335
2005-08-26,1522826,401808,3841461,4144837,11929
2005-08-27,1554360,376546,3388732,3656342,12635
2005-08-28,1736733,473856,3885057,4191876,13450
2005-08-29,1757160,469680,4554434,4914138,11820
2005-08-30,1904204,497491,4679075,5048626,12091
2005-08-31,1900933,490544,4709697,5081662,12743
2005-09-01,1713361,454773,4392672,4739597,12019
2005-09-02,1708306,462596,4371958,4717249,12527
2005-09-03,1669031,447555,3706740,3999479,12929
2005-09-04,1501546,419000,3383554,3650758,12675
2005-09-05,1439456,381902,3369064,3635121,12418
2005-09-06,1441927,383469,3913181,4222225,11139
2005-09-07,1379885,374763,3914756,4223927,10984
2005-09-08,1467544,377446,3994273,4309728,11052
2005-09-09,1520335,397244,4000260,4316186,11032
2005-09-10,1497832,450653,4149588,4477414,13091
2005-09-11,1497867,450657,4149365,4477176,13060
2005-09-12,1497944,450664,4159713,4488368,12942
2005-09-13,1498110,450679,4156602,4484996,12821
2005-09-14,1498452,450717,4150139,4478003,12807
2005-09-15,1499185,450820,4161452,4490233,12913
2005-09-16,1500625,451106,4174653,4504488,13118
2005-09-17,1796364,453729,4020257,4337759,12794
2005-09-18,1714739,443366,3708069,4000904,11959
2005-09-19,1701445,444430,4196423,4527848,11365
2005-09-20,1704004,449647,4260586,4597080,11075
2005-09-21,1602121,430984,4150373,4478159,10865
2005-09-22,1611363,432939,4255351,4591431,11134
2005-09-23,1735430,478209,4429010,4778805,11362
2005-09-24,1495164,399901,3403883,3672696,11593
2005-09-25,1446868,361302,3392630,3660558,11283
2005-09-26,1489397,385995,3967490,4280822,10696
2005-09-27,1530181,390050,3930921,4241369,10483
2005-09-28,1418301,360109,3724568,4018712,10326
2005-09-29,1349966,342577,3667500,3957139,10298
2005-09-30,1252225,312791,3490645,3766309,11247
2005-10-01,1329576,337654,3236536,3492123,12293
2005-10-02,1333781,362063,3301609,3562343,11462
2005-10-03,1328523,356874,3727589,4021970,10852
2005-10-04,1342173,353623,3735036,4030007,10768
2005-10-05,1383258,352359,3984611,4299302,10661
2005-10-06,1451930,365427,3923265,4233104,10780
2005-10-07,1389663,363706,3854578,4158996,11792
2005-10-08,1411885,367432,3467070,3740876,12252
2005-10-09,1229901,337996,3138861,3386736,11539
2005-10-10,1250152,330561,3556971,3837879,11166
2005-10-11,1255350,328481,3631524,3918318,10965
2005-10-12,1236259,324048,3607456,3892344,10620
2005-10-13,1226675,337824,3599899,3884190,10695
2005-10-14,1228214,326108,3554173,3834859,11193
2005-10-15,1212784,325512,3222053,3476491,12066
2005-10-16,1165266,315957,3172028,3422523,11639
2005-10-17,1257816,329591,3602431,3886925,11275
2005-10-18,1282436,333233,3678350,3968844,11278
2005-10-19,1219626,342719,3669305,3959085,11111
2005-10-20,1289444,347463,3599034,3883256,10688
2005-10-21,1206252,330969,3736557,4031650,11879
2005-10-22,1225631,337597,3397755,3666084,12813
2005-10-23,1243785,337797,3275028,3533660,12391
2005-10-24,1398229,389608,3855682,4160179,12458
2005-10-25,1466212,431265,4353914,4697777,12809
2005-10-26,1431408,408711,4191962,4523034,13335
2005-10-27,1499212,430400,4192601,4523719,13165
2005-10-28,1502264,386134,4069562,4390963,13683
2005-10-29,1533389,403762,3816487,4117895,15236
2005-10-30,1453392,381388,3498085,3774339,13999
2005-10-31,1383076,363440,3821917,4123751,12978
2005-11-01,1353050,358668,3811950,4112995,12415
2005-11-02,1189435,345697,3818974,4120574,12445
2005-11-03,1314887,373154,3904273,4212614,12876
2005-11-04,1318663,348594,3684117,3975065,13228
2005-11-05,1216607,323894,3226920,3481752,13632
2005-11-06,1196432,320373,3173060,3423631,12911
2005-11-07,1221279,323529,3596298,3880304,12076
2005-11-08,1288089,344882,3810934,4111910,13000
2005-11-09,1214193,327033,3724625,4018773,12082
2005-11-10,1264672,339342,3865424,4170692,13316
2005-11-11,1543683,415992,4025944,4343896,15006
2005-11-12,1496327,401846,3696451,3988371,15737
2005-11-13,1344417,367535,3471718,3745889,14710
2005-11-14,1219613,321208,3656666,3945445,13090
2005-11-15,1202331,317745,3692388,3983992,12973
2005-11-16,1179430,329731,3712979,4006209,13153
2005-11-17,1490272,456599,4379319,4725191,15751
2005-11-18,1767001,520630,4703302,5074767,18405
2005-11-19,1720430,497614,4281323,4619455,18361
2005-11-20,1437448,405681,3783494,4082288,16392
2005-11-21,1414227,419392,4218126,4551263,15945
2005-11-22,1583560,472208,4395038,4742156,16475
2005-11-23,1776091,562373,4741285,5115754,19036
2005-11-24,1458589,446247,3888324,4195406,19862
2005-11-25,1758090,561182,4375866,4721464,21832
2005-11-26,1840172,549004,4252044,4587857,19933
2005-11-27,1705720,516546,4022048,4339696,16827
2005-11-28,1342067,409180,4153569,4481603,14639
2005-11-29,1236770,343766,3850391,4154476,13579
2005-11-30,1363660,405550,4081378,4403707,14866
2005-12-01,1407153,483500,4726665,5099982,17140
2005-12-02,1579546,505798,4917968,5306393,18106
2005-12-03,1581841,533853,4824717,5205777,18752
2005-12-04,1315307,431275,4340000,4682763,15820
2005-12-05,1701921,554465,4904640,5292015,16145
2005-12-06,1762500,578097,5043147,5441460,16325
2005-12-07,1887946,608066,5241690,5655690,16855
2005-12-08,1900335,621807,5364140,5787812,17463
2005-12-09,1836027,589049,5090964,5493057,17103
2005-12-10,1874591,598257,4868313,5252815,17920
2005-12-11,1660915,555718,4663752,5032096,16620
2005-12-12,1609302,543309,5023320,5420070,16112
2005-12-13,1757098,597705,5446255,5876410,16847
2005-12-14,2094561,702717,5954670,6425000,18305
2005-12-15,1937277,656254,5656442,6103209,18371
2005-12-16,1830219,520171,4884654,5270447,16370
2005-12-17,1914906,561881,4650671,5017978,16531
2005-12-18,1781743,524996,4497323,4852519,15844
2005-12-19,1886531,598967,5127987,5533005,16174
2005-12-20,2037481,640832,5434797,5864054,18130
2005-12-21,2066236,636473,5379661,5804561,18217
2005-12-22,1980408,597911,5153090,5560092,17571
2005-12-23,1872688,544578,4343549,4686595,16950
2005-12-24,1703005,470645,3699801,3991987,16451
2005-12-25,1556140,472300,4178733,4509434,14730
2005-12-26,1554567,473316,4211281,4544509,14613
2005-12-27,1553807,471903,4186208,4517417,14485
2005-12-28,1555761,471285,4149666,4477920,14426
2005-12-29,1555673,472657,4163856,4493146,14512
2005-12-30,1554032,471931,4139796,4467093,14677
2005-12-31,1556253,469234,4011652,4328695,14873
2006-01-01,1648307,475455,3590719,3874292,16159
2006-01-02,1762769,547674,4473417,4826724,16555
2006-01-03,1467936,436253,4628863,4994445,14676
2006-01-04,1526972,457264,4609476,4973528,14549
2006-01-05,1467663,448285,4542266,4901008,14845
2006-01-06,1621074,516277,4800664,5179824,16445
2006-01-07,1991231,554753,4704730,5076308,18089
2006-01-08,1722862,491824,4260311,4596776,15719
2006-01-09,1357432,394195,4183156,4513530,13999
2006-01-10,1400962,395450,4262428,4599063,13481
2006-01-11,1390662,430464,4397568,4744879,13866
2006-01-12,1297647,424818,4218822,4552019,13994
2006-01-13,1322978,452243,4166329,4495371,14134
2006-01-14,1652985,508191,4133784,4460261,14945
2006-01-15,1852827,553560,4677631,5047068,18055
2006-01-16,1776200,513456,4745690,5120505,16153
2006-01-17,1585905,493293,4873027,5257900,14624
2006-01-18,1498788,478559,4612148,4976411,14774
2006-01-19,1628964,483633,4873552,5258468,15070
2006-01-20,1435590,423110,4237936,4572636,14331
2006-01-21,1376741,392463,3902607,4210821,14576
2006-01-22,1559243,494690,4257086,4593299,15374
2006-01-23,1637193,505804,4716216,5088700,14038
2006-01-24,1381319,429119,4602286,4965770,13885
2006-01-25,1580250,527817,4917496,5305882,15336
2006-01-26,1780779,556157,5122721,5527325,16344
2006-01-27,1735670,535895,4863262,5247366,16131
2006-01-28,1667066,444750,4005710,4322067,15306
2006-01-29,1487984,397768,3831423,4134004,14694
2006-01-30,1212702,381140,4017141,4334395,13398
2006-01-31,1414665,453040,4428453,4778203,14599
2006-02-01,1544358,495235,4536985,4895321,14512
2006-02-02,1477620,471802,4449115,4800499,14220
2006-02-03,1135840,366890,3950454,4262439,12957
2006-02-04,1414417,436121,3970646,4284236,15039
2006-02-05,1741752,527398,4219027,4552237,15741
2006-02-06,1736541,530562,4805936,5185509,15589
2006-02-07,1660205,517665,4861701,5245681,15320
2006-02-08,1788961,549304,5097491,5500096,15928
2006-02-09,1795604,564272,5130255,5535450,16749
2006-02-10,1879929,552023,5017127,5413381,16176
2006-02-11,1840065,580227,4682794,5052637,16488
2006-02-12,1897666,573673,4598807,4962023,16387
2006-02-13,1626172,537453,4677107,5060550,14308
2006-02-14,1626257,537360,4681556,5064220,14298
2006-02-15,1626464,537545,4666355,5047310,14298
2006-02-16,1626935,538025,4669719,5051709,14307
2006-02-17,1627949,539764,4691000,5074950,14314
2006-02-18,1630023,542654,4690607,5075729,14314
2006-02-19,1633499,548186,4703582,5094213,14303
2006-02-20,1721777,549762,4800301,5179434,15801
2006-02-21,1475187,449697,4810801,5190761,14523
2006-02-22,1593255,473134,4918427,5306889,14956
2006-02-23,1483377,424588,4553630,4913268,13476
2006-02-24,1627648,444185,4656429,5024198,14575
2006-02-25,1663443,474696,4344334,4687438,14894
2006-02-26,1746062,508970,4747259,5122199,16584
2006-02-27,1808352,553469,5309755,5729136,16282
2006-02-28,1378348,389970,4818093,5198622,13399
2006-03-01,1292702,373852,4560058,4920212,12383
2006-03-02,1353428,368462,4502381,4857974,12485
2006-03-03,1458785,432006,4746978,5121894,15027
2006-03-04,1673667,498185,4563971,4924422,15970
2006-03-05,1584302,443619,4162149,4490858,14632
2006-03-06,1607378,480915,4574059,4935314,14628
2006-03-07,1581194,440890,4559436,4919539,13790
2006-03-08,1609314,465562,4640229,5006709,14027
2006-03-09,1376346,374499,4090797,4413874,12967
2006-03-10,1214357,313972,3660449,3949528,12962
2006-03-11,1204815,320993,3234839,3490298,14069
2006-03-12,1186533,321377,3176408,3427247,12861
2006-03-13,1246683,329266,3620725,3906663,12502
2006-03-14,1211406,327984,3719264,4012988,12323
2006-03-15,1372471,414276,4336590,4679090,14270
2006-03-16,1385925,376001,4212125,4544786,13648
2006-03-17,1363120,379927,4191011,4522004,14305
2006-03-18,1513920,436645,4284975,4623394,16069
2006-03-19,1587192,449809,4065749,4386850,14974
2006-03-20,1566522,448537,4431736,4781750,14260
2006-03-21,1701888,520226,4867496,5251932,14932
2006-03-22,1641358,502522,4831151,5212715,14739
2006-03-23,1619776,461167,4499377,4854729,13844
2006-03-24,1563997,436674,4285381,4623827,14003
2006-03-25,1679808,486690,4022906,4340619,14280
2006-03-26,1661708,489644,3982490,4297010,14463
2006-03-27,1510321,447020,4174030,4503688,13589
2006-03-28,1407351,404601,4111650,4436374,13363
2006-03-29,1314147,392061,3929154,4239460,12918
2006-03-30,1335049,380654,3922540,4232323,12945
2006-03-31,1226251,331282,3642440,3930100,12601
2006-04-01,1181729,315025,3195880,3448256,12882
2006-04-02,1166821,320042,3151860,3400755,12194
2006-04-03,1134289,323018,3577138,3859635,11439
2006-04-04,1207121,346680,3868788,4174326,12433
2006-04-05,1286944,356696,4174245,4503909,12615
2006-04-06,1288012,359437,3966744,4280017,12583
2006-04-07,1195054,321006,3754317,4050811,11932
2006-04-08,1182750,311088,3519237,3797159,13454
2006-04-09,1320505,362593,3767640,4065185,13714
2006-04-10,1331417,378895,3958376,4270996,12591
2006-04-11,1240644,352552,3784725,4083619,12092
2006-04-12,1161372,327402,3589107,3872544,11646
2006-04-13,1220151,341532,3586904,3870170,11592
2006-04-14,1209757,337374,3287465,3547078,12552
2006-04-15,1346235,362063,3174968,3425695,13073
2006-04-16,1213409,332772,2901804,3130954,12121
2006-04-17,1174305,309156,3548878,3829143,11999
2006-04-18,1251196,353064,3740194,4035579,11799
2006-04-19,1229560,339183,3663384,3952697,11692
2006-04-20,1228043,351147,3682752,3973591,11771
2006-04-21,1197464,333739,3561691,3842968,11618
2006-04-22,1156280,317333,3289383,3549144,12294
2006-04-23,1214060,330200,3222151,3476600,11645
2006-04-24,1218575,350218,3606112,3890899,11377
2006-04-25,1248745,351365,3705773,3998433,11230
2006-04-26,1131206,331283,3672005,3962001,11784
2006-04-27,1200016,335727,3746948,4042862,11436
2006-04-28,1204873,331936,3563430,3844845,11513
2006-04-29,1239258,328096,3244011,3500190,12357
2006-04-30,1225404,328310,3158868,3408321,11954
2006-05-01,1196495,343352,3625766,3912104,11227
2006-05-02,1195152,340052,3719643,4013391,11423
2006-05-03,1131537,322087,3655874,3944591,11245
2006-05-04,1205874,353080,3767639,4065181,11324
2006-05-05,1189980,339765,3519316,3797245,11058
2006-05-06,1283005,350047,3073160,3315839,11790
2006-05-07,1196374,345684,2969480,3203975,12067
2006-05-08,1299726,365528,3712964,4006193,12194
2006-05-09,1216823,349916,3706654,3999381,11659
2006-05-10,1215773,353338,3747792,4043767,11573
2006-05-11,1119793,333685,3703716,3996214,11199
2006-05-12,1143810,338976,3575001,3857332,11628
2006-05-13,1194591,340392,3169708,3420014,12392
2006-05-14,1150612,322971,3061653,3303427,11819
2006-05-15,1160069,348880,3599199,3883439,11525
2006-05-16,1154637,343360,3682210,3973006,11989
2006-05-17,1161427,336289,3669842,3959662,11427
2006-05-18,1149095,329314,3668255,3957954,11582
2006-05-19,1163979,328922,3648814,3936973,12266
2006-05-20,1233531,342851,3273184,3531670,12698
2006-05-21,1245894,351537,3148562,3397200,11922
2006-05-22,1180080,337853,3618504,3904271,11653
2006-05-23,1128778,336314,3688039,3979300,11450
2006-05-24,1108952,348795,3706389,3999100,11481
2006-05-25,1511760,456650,4454916,4806761,12932
2006-05-26,1511168,456650,4454916,4806761,12932
2006-05-27,1510576,456650,4454916,4806761,12932
2006-05-28,1509983,456650,4454916,4806761,12932
2006-05-29,1509391,456650,4454916,4806761,12932
2006-05-30,1508799,456650,4454916,4806761,12932
2006-05-31,1508206,456650,4454916,4806761,12932
2006-06-01,1666888,501055,4743755,5118416,12033
2006-06-02,1526539,470678,4411889,4760331,11559
2006-06-03,1438638,409290,3532819,3811812,11009
2006-06-04,1359608,402866,3251937,3508742,11070
2006-06-05,1233397,356729,3696531,3988462,10531
2006-06-06,1242871,361498,3925910,4235961,10722
2006-06-07,1317432,402249,4063482,4384399,10946
2006-06-08,1324047,379996,4139480,4466404,10951
2006-06-09,1425525,408423,3994254,4309706,11060
2006-06-10,1394022,385070,3289783,3549578,11317
2006-06-11,1380282,392301,3189872,3441776,11562
2006-06-12,1241169,368998,3716420,4009920,10819
2006-06-13,1337172,379442,3985160,4299892,11257
2006-06-14,1223806,375812,3910057,4218853,11007
2006-06-15,1368251,415653,4043814,4363179,11187
2006-06-16,1456043,445662,4061553,4382323,11591
2006-06-17,1601054,495425,4034867,4353527,12367
2006-06-18,1628043,523119,4354661,4698581,12486
2006-06-19,1596031,478722,4651824,5019222,12061
2006-06-20,1677821,497078,4640680,5007202,12102
2006-06-21,1706759,508948,4662041,5030244,11862
2006-06-22,1876862,594962,4858878,5242638,13081
2006-06-23,1683034,535466,4640058,5006527,13109
2006-06-24,1654863,503511,4119600,4444948,13060
2006-06-25,1578868,489543,3764583,4061886,12903
2006-06-26,1454857,487467,4357548,4701699,12244
2006-06-27,1473293,419465,4241320,4576289,12694
2006-06-28,1706259,479307,4380084,4726015,12812
2006-06-29,1686592,488404,4333133,4675357,12451
2006-06-30,1589868,469223,4088999,4411940,12134
2006-07-01,1669233,504649,3852740,4157011,13256
2006-07-02,1896911,594822,4189810,4520709,13742
2006-07-03,1877875,586163,4443699,4794657,13456
2006-07-04,1841737,585087,4162083,4490794,13859
2006-07-05,1597661,495687,4117824,4443036,13005
2006-07-06,1343468,465692,3944016,4255498,12114
2006-07-07,1326161,430689,3884617,4191404,12039
2006-07-08,1358066,431049,3611290,3896486,12343
2006-07-09,1366644,430907,3705942,3998615,12164
2006-07-10,1566018,511147,4403242,4751007,12512
2006-07-11,1593577,536486,4887760,5273800,13019
2006-07-12,1632329,572192,4899464,5286434,13671
2006-07-13,1697169,533362,4639640,5006076,13167
2006-07-14,1671844,548458,4738198,5112421,13922
2006-07-15,1757079,553247,4414221,4762845,14621
2006-07-16,1777845,578406,4529708,4887459,13904
2006-07-17,1773740,613260,5304555,5723521,13761
2006-07-18,1817750,636574,5264152,5679926,13645
2006-07-19,1637941,589097,4994118,5388551,13285
2006-07-20,1614810,562989,5086574,5488322,13283
2006-07-21,1758210,589910,4823032,5203960,13614
2006-07-22,1871906,568320,4386442,4732880,13639
2006-07-23,1632998,524052,3980562,4294927,12671
2006-07-24,1671393,526492,4568446,4929260,12122
2006-07-25,1564498,474416,4650856,5018175,12438
2006-07-26,1797527,559947,4902952,5290194,12939
2006-07-27,1931030,603576,5151729,5558621,13177
2006-07-28,1997429,616090,4867169,5251579,13564
2006-07-29,1896826,584427,4669133,5037901,14205
2006-07-30,1935069,609301,4610255,4974370,14149
2006-07-31,2051226,653354,5217682,5629785,14354
2006-08-01,2161855,672465,5524530,5960876,14380
2006-08-02,1670228,544040,4519788,4876702,13527
2006-08-03,1665256,544037,4519413,4876304,13527
2006-08-04,1662981,544041,4519162,4876033,13527
2006-08-05,1671211,544064,4519812,4876738,13527
2006-08-06,1669453,544137,4522931,4880108,13527
2006-08-07,1667958,544354,4530353,4888125,13527
2006-08-08,1674524,545005,4541580,4900252,13527
2006-08-09,1855451,553744,4511655,4867978,12036
2006-08-10,1870810,598723,4353622,4697462,12589
2006-08-11,1601244,470745,4300261,4639882,12003
2006-08-12,1563118,441612,3723638,4017708,11950
2006-08-13,1558556,466276,3729553,4024090,11954
2006-08-14,1691780,510170,4693944,5064674,12370
2006-08-15,1816710,536730,4892234,5278624,12669
2006-08-16,1766180,542768,4594295,4957153,11916
2006-08-17,1670031,500455,4564137,4924608,11741
2006-08-18,1710509,511010,4582914,4944868,12355
2006-08-19,1866890,550038,4460298,4812568,13380
2006-08-20,1966144,552580,4529770,4887530,13266
2006-08-21,1811533,550971,4587239,4949533,12214
2006-08-22,1729500,537855,4698983,5070108,12141
2006-08-23,1813799,548175,4672008,5041003,12282
2006-08-24,1808720,542563,4688739,5059057,12417
2006-08-25,1869993,563008,4846697,5229490,12801
2006-08-26,1922698,569630,4487415,4841825,13964
2006-08-27,1879297,567013,4202877,4534809,13184
2006-08-28,1978309,612632,4867609,5252053,13217
2006-08-29,2075158,616160,5129693,5534850,13415
2006-08-30,1797803,516041,4659004,5026966,13108
2006-08-31,1455486,403395,4085935,4408633,12157
2006-09-01,1244534,349841,3658850,3947801,12871
2006-09-02,1407933,395101,3218866,3473058,13181
2006-09-03,1616918,462041,3198527,3451110,13091
2006-09-04,1434021,375620,3186174,3437784,13049
2006-09-05,1374684,372417,3715109,4008501,11628
2006-09-06,1439616,416074,3947245,4258981,11699
2006-09-07,1446112,395004,4054263,4374454,11475
2006-09-08,1425192,384849,4060388,4381059,11491
2006-09-09,1582812,401605,3767290,4064809,11916
2006-09-10,1547070,415371,3682692,3973531,11625
2006-09-11,1367793,389686,3811469,4112476,11127
2006-09-12,1291182,357445,3753261,4049675,11332
2006-09-13,1239542,355571,3737061,4032191,11557
2006-09-14,1303103,373908,3829411,4131837,11256
2006-09-15,1357491,378536,3780645,4079219,11442
2006-09-16,1368421,380668,3484351,3759516,12065
2006-09-17,1434898,401279,3597604,3881718,11981
2006-09-18,1470603,428297,4170396,4499762,11645
2006-09-19,1442873,413472,4073268,4394957,11528
2006-09-20,1308100,359847,3672156,3962156,11153
2006-09-21,1281136,350311,3653718,3942263,11308
2006-09-22,1273997,344963,3565097,3846645,12151
2006-09-23,1495024,397568,3414097,3683714,12647
2006-09-24,1592641,402837,3520785,3798830,12495
2006-09-25,1345777,351071,3769762,4067477,11499
2006-09-26,1325270,346585,3729300,4023815,11621
2006-09-27,1287505,353844,3727796,4022191,11836
2006-09-28,1307952,341088,3708485,4001353,12334
2006-09-29,1263530,328350,3530933,3809777,12109
2006-09-30,1330468,323879,3271642,3530007,12874
2006-10-01,1317438,329076,3162113,3411823,12048
2006-10-02,1285636,357674,3640596,3928108,11680
2006-10-03,1315367,356596,3859385,4164181,11517
2006-10-04,1356000,374144,4057408,4377848,11900
2006-10-05,1368235,369913,3738130,4033342,11766
2006-10-06,1296376,346555,3756450,4053112,12831
2006-10-07,1410272,375393,3597995,3882140,15232
2006-10-08,1297508,355632,3305494,3566530,12998
2006-10-09,1243613,357925,3736423,4031503,12554
2006-10-10,1263920,340020,3804579,4105041,11861
2006-10-11,1230747,327969,3715257,4008670,11803
2006-10-12,1128442,331968,3714878,4008257,11944
2006-10-13,1209747,379734,3953954,4266222,14263
2006-10-14,1407138,386552,3665929,3955437,15125
2006-10-15,1435912,390865,3636386,3923568,14603
2006-10-16,1352834,386932,4036467,4355253,12944
2006-10-17,1270869,377074,4013420,4330384,12802
2006-10-18,1202507,352695,3844288,4147896,12172
2006-10-19,1140691,343700,3755331,4051905,11810
2006-10-20,1133320,339846,3671612,3961572,12446
2006-10-21,1394957,372708,3396358,3664571,13943
2006-10-22,1470768,382811,3427793,3698489,13821
2006-10-23,1430104,434686,4158604,4487038,13805
2006-10-24,1605572,471874,4506186,4862081,14325
2006-10-25,1513359,461749,4311533,4652051,13736
2006-10-26,1462961,451201,4319846,4661020,14004
2006-10-27,1349605,429918,4215302,4548215,14655
2006-10-28,1306050,382509,3648908,3937073,13904
2006-10-29,1396141,398349,3623319,3909464,14735
2006-10-30,1307909,385887,3907157,4215728,13586
2006-10-31,1257782,352670,3748272,4044290,13047
2006-11-01,1228135,349038,3710720,4003771,12027
2006-11-02,1211410,369684,3898157,4206013,12948
2006-11-03,1535813,487721,4475981,4829487,15425
2006-11-04,1788625,538801,4325267,4666863,17129
2006-11-05,1733046,520822,3990274,4305413,15253
2006-11-06,1533960,473529,4267154,4604161,13875
2006-11-07,1443206,465595,4407079,4755144,14227
2006-11-08,1180328,378979,4062330,4383156,13177
2006-11-09,1197733,356858,3795388,4095127,12617
2006-11-10,1194966,345999,3677521,3967952,13865
2006-11-11,1243827,331015,3255208,3512268,14373
2006-11-12,1390669,390596,3585811,3868988,15519
2006-11-13,1274843,385598,4117568,4442757,14590
2006-11-14,1209986,363552,3904660,4213028,13534
2006-11-15,1301734,412058,3976919,4290998,14623
2006-11-16,1155403,352870,3884768,4191570,12857
2006-11-17,1281177,402066,3946743,4258434,14894
2006-11-18,1493939,449225,4026914,4344945,16409
2006-11-19,1563062,481203,3974895,4288817,16149
2006-11-20,1366484,475889,4509318,4865460,16573
2006-11-21,1629899,536812,4547962,4907153,17318
2006-11-22,1509256,474500,4243789,4578907,13639
2006-11-23,1507841,474494,4244148,4579296,13716
2006-11-24,1508518,474449,4245009,4580229,13821
2006-11-25,1505013,474404,4245821,4581108,13863
2006-11-26,1502209,474068,4244304,4579476,13793
2006-11-27,1498012,473348,4235461,4569938,13632
2006-11-28,1479079,471194,4212413,4545083,13434
2006-11-29,1178639,389789,4027343,4345401,13072
2006-11-30,1103764,358473,3925846,4235889,12729
2006-12-01,975346,335951,3731170,4025833,13044
2006-12-02,1312877,436792,3949411,4261320,15388
2006-12-03,1424151,499721,4259932,4596371,15470
2006-12-04,1580979,559033,4997681,5392406,15881
2006-12-05,1691698,563254,5181457,5590698,15642
2006-12-06,1608828,557429,5046803,5445406,15439
2006-12-07,1463720,522696,4947679,5338452,15472
2006-12-08,1964897,717999,5664451,6111844,18564
2006-12-09,2029503,646375,5099837,5502630,18184
2006-12-10,1716594,529097,4321015,4662280,15831
2006-12-11,1512707,480220,4453249,4804963,14436
2006-12-12,1529330,511076,4626348,4991738,14210
2006-12-13,1359964,463996,4351744,4695440,13682
2006-12-14,1399351,457444,4283218,4621493,13890
2006-12-15,1333294,432129,4163630,4492465,14033
2006-12-16,1588768,436373,3995464,4311014,14286
2006-12-17,1581191,450203,3899431,4207392,14076
2006-12-18,1249490,402835,4000850,4316820,13154
2006-12-19,1267932,410166,4388091,4734654,12987
2006-12-20,1560971,517096,4844244,5226848,14793
2006-12-21,1429002,487251,4570365,4931323,14075
2006-12-22,1236092,427968,4225352,4559062,13763
2006-12-23,1226261,378357,3562049,3843355,13635
2006-12-24,1447500,446029,3630821,3917557,15143
2006-12-25,1505006,501816,3791121,4090524,15598
2006-12-26,1425482,444133,3886250,4193169,14532
2006-12-27,1690726,498059,4342421,4685381,15720
2006-12-28,1761371,525746,4427866,4777569,15984
2006-12-29,1664632,489206,4258605,4594935,15631
2006-12-30,1625248,461693,3992024,4307289,16039
2006-12-31,1466739,454800,3777130,4075423,15405
2007-01-01,1273352,419693,3509753,3786926,14255
2007-01-02,1519639,478175,4305549,4645590,14013
2007-01-03,1637611,533343,4667070,5035675,14437
2007-01-04,1355192,458182,4345217,4688395,14062
2007-01-05,1058598,364208,3937095,4248032,13515
2007-01-06,1039731,354066,3348201,3612616,13290
2007-01-07,1248159,432417,3697054,3989026,13518
2007-01-08,1218424,455920,4420038,4769127,13418
2007-01-09,1630638,575392,4973756,5366590,15458
2007-01-10,1652906,600560,5247955,5662454,16503
2007-01-11,1754737,620762,5295430,5713676,16453
2007-01-12,1429959,508935,4592635,4955358,15184
2007-01-13,1225063,410632,3674990,3965221,14467
2007-01-14,1134741,353723,3326598,3589303,12653
2007-01-15,998216,363786,3691507,3983039,12666
2007-01-16,1198434,447301,4415561,4764301,14009
2007-01-17,1699933,603156,5310941,5730413,16472
2007-01-18,1846282,668515,5469383,5901370,17014
2007-01-19,1494575,556946,4946303,5336962,16498
2007-01-20,1755621,585574,4927676,5316873,18202
2007-01-21,1924482,659151,5224019,5636622,18257
2007-01-22,1702269,608255,5300955,5719633,16172
2007-01-23,1564494,560454,5045748,5444269,16379
2007-01-24,1602146,593435,5110758,5514413,17128
2007-01-25,1734024,614065,5428401,5857151,17799
2007-01-26,1804866,638511,5801149,6259350,18644
2007-01-27,1627952,480285,4610922,4975088,16827
2007-01-28,1577873,505459,4407668,4755779,16565
2007-01-29,2048891,734863,5770040,6225781,18533
2007-01-30,1864310,625537,5668611,6116342,16927
2007-01-31,1955254,689394,5691253,6140770,16990
2007-02-01,1973221,675918,5414207,5841832,16077
2007-02-02,1719098,591162,5041812,5440016,15354
2007-02-03,1934306,630216,5035188,5432876,17732
2007-02-04,1956898,644142,5250037,5664695,18145
2007-02-05,2220961,804811,6495506,7008552,20006
2007-02-06,2356133,821520,6567992,7086769,21575
2007-02-07,1862348,656961,6033556,6510117,18794
2007-02-08,2031749,687165,6257409,6751653,19576
2007-02-09,2163951,714199,5945664,6415281,19648
2007-02-10,2060643,681753,5405209,5832130,20254
2007-02-11,2067256,652265,5406569,5833595,20017
2007-02-12,1811767,574572,5406596,5833623,16922
2007-02-13,1845737,615451,5468238,5900134,16520
2007-02-14,1888466,658222,5518741,5954632,17263
2007-02-15,2171570,759575,6316265,6815163,19884
2007-02-16,2176809,739119,6079365,6559543,19817
2007-02-17,2080592,731395,5433192,5862325,19714
2007-02-18,1972264,669225,5205587,5616737,18666
2007-02-19,1996050,672832,5707161,6157938,18566
2007-02-20,1545599,499868,4976516,5369563,15298
2007-02-21,1259707,418953,4527399,4884972,14017
2007-02-22,1316623,422041,4762976,5139153,14857
2007-02-23,1570451,524424,5243648,5657802,17563
2007-02-24,1698564,520380,4832943,5214651,17385
2007-02-25,1710033,568356,4767004,5143509,16414
2007-02-26,1552629,531762,4934863,5324623,15613
2007-02-27,1476508,463855,4756597,5132273,14760
2007-02-28,1463548,438553,4776420,5153665,15175
2007-03-01,1466980,451851,4862850,5246918,15147
2007-03-02,1215231,381236,4220538,4553865,14444
2007-03-03,1468968,429926,4125798,4451641,16372
2007-03-04,1657030,547614,4692194,5062779,17430
2007-03-05,1622939,521014,5056010,5455341,16180
2007-03-06,1581150,484219,5615098,6058595,16568
2007-03-07,1586552,477767,5586664,6027917,15008
2007-03-08,1640360,483456,5423277,5851625,14730
2007-03-09,1658816,493082,4983706,5377320,16512
2007-03-10,1440770,423403,4113028,4437860,15798
2007-03-11,1252672,348404,3714705,4008073,14447
2007-03-12,1388774,413174,4388517,4735116,14309
2007-03-13,1298177,379768,3989096,4304140,12908
2007-03-14,1224520,335838,3895295,4202925,12378
2007-03-15,1147366,332703,3891080,4198378,12484
2007-03-16,1431406,458053,4945020,5335582,15889
2007-03-17,1653506,560640,4826514,5207713,17142
2007-03-18,1470483,544593,4743357,5117985,16668
2007-03-19,1424218,518157,4916935,5305284,15141
2007-03-20,1203508,369273,4135740,4462363,12129
2007-03-21,1234883,398394,4552182,4911703,12678
2007-03-22,1250272,397076,4212816,4545529,12297
2007-03-23,1117401,344294,3744676,4040406,11312
2007-03-24,1264292,349208,3445718,3717833,12021
2007-03-25,1198137,351166,3334575,3597913,11274
2007-03-26,1212116,339294,3848314,4152233,10719
2007-03-27,1231612,355323,3783536,4082338,10676
2007-03-28,1199041,352953,3703402,3995875,10957
2007-03-29,1198459,349616,3805060,4105560,10828
2007-03-30,1342220,379951,3884682,4191476,12348
2007-03-31,1218092,363741,3398638,3667033,12558
2007-04-01,1153546,349116,3347216,3611556,11808
2007-04-02,1117103,352069,3719856,4013623,11099
2007-04-03,1137584,355499,3716299,4009789,10935
2007-04-04,1022920,345734,3670208,3960058,10719
2007-04-05,1176197,410120,4434136,4784338,13333
2007-04-06,1343340,466257,4360155,4704515,14928
2007-04-07,1578758,551805,4281100,4619214,16067
2007-04-08,1550206,513302,4239507,4574334,15628
2007-04-09,1412328,476457,4525847,4883296,14643
2007-04-10,1347248,431914,4361353,4705801,13184
2007-04-11,1407264,484110,4494439,4849405,13747
2007-04-12,1167422,389102,4162679,4491431,12457
2007-04-13,1203489,391771,4124646,4450399,11491
2007-04-14,1231719,409512,3802819,4103144,15085
2007-04-15,1227160,428244,3893568,4201068,13316
2007-04-16,1359614,450226,4685800,5055887,12129
2007-04-17,1233388,390106,4400123,4747638,12461
2007-04-18,967643,355476,4146105,4473546,11836
2007-04-19,1071613,392934,4025574,4343499,12537
2007-04-20,1027500,387137,3878441,4184739,11992
2007-04-21,1067595,373343,3351561,3616232,12105
2007-04-22,1062721,375210,3272890,3531353,11378
2007-04-23,1070554,362975,3823199,4125144,10671
2007-04-24,1098239,371165,3968418,4281829,10073
2007-04-25,1154333,393208,3719117,4012832,10113
2007-04-26,1027413,346274,3672461,3962490,9997
2007-04-27,1053006,336098,3663845,3953193,10706
2007-04-28,1229879,322245,3215494,3469422,11420
2007-04-29,1224268,339941,3196520,3448950,11009
2007-04-30,1193895,359179,3778201,4076583,10477
2007-05-01,1321171,402781,3888471,4195565,10412
2007-05-02,1334563,413384,3975917,4289919,10184
2007-05-03,1142484,353091,3640711,3928236,10513
2007-05-04,1135635,365184,3357292,3622424,11445
2007-05-05,1214404,358530,3028343,3267486,11694
2007-05-06,1196018,351910,3035357,3275051,11241
2007-05-07,1250738,368325,3748176,4044185,11228
2007-05-08,1194077,365088,3837185,4140226,10654
2007-05-09,1131964,364494,3972232,4285944,10359
2007-05-10,1232703,391421,4168099,4497285,10544
2007-05-11,1346128,433551,4205060,4537165,10542
2007-05-12,1400726,432072,3515711,3793355,10977
2007-05-13,1196067,366345,3144482,3392802,10494
2007-05-14,1056805,354096,3662662,3951916,10811
2007-05-15,1037363,379218,4083592,4406099,10650
2007-05-16,1075354,379526,3985751,4300526,10634
2007-05-17,934774,342053,3699410,3991569,10482
2007-05-18,917897,335015,3710528,4003564,12232
2007-05-19,1037600,363103,3297675,3558098,12169
2007-05-20,1080115,377754,3225617,3480341,11726
2007-05-21,1112391,395351,3715251,4008655,10719
2007-05-22,1104009,396476,3838994,4142179,10509
2007-05-23,1093642,392207,3946272,4257933,10402
2007-05-24,1091135,404975,4061071,4381797,10540
2007-05-25,1222759,441991,4268842,4605986,11020
2007-05-26,1409253,489518,3974418,4288304,12220
2007-05-27,1508504,506198,3665812,3955313,12465
2007-05-28,1490975,480246,3574937,3857260,12265
2007-05-29,1497573,484989,4229403,4563432,11977
2007-05-30,1483329,501806,4532148,4890094,11592
2007-05-31,1490401,477843,4789649,5167936,11806
2007-06-01,1534727,471076,4704708,5076282,8920
2007-06-02,1469779,470038,4159138,4487612,10503
2007-06-03,1245828,378601,3486130,3761444,11518
2007-06-04,1438685,429866,4248912,4584478,11168
2007-06-05,1476974,437271,4181158,4511376,10879
2007-06-06,1440854,417837,3960839,4273652,11181
2007-06-07,1532253,477405,4268728,4605866,11807
2007-06-08,1820612,571534,4917312,5305691,12089
2007-06-09,1801999,566351,4310125,4650529,12286
2007-06-10,1599755,497272,3753868,4050322,11581
2007-06-11,1442288,457259,4418130,4767069,11379
2007-06-12,1497645,462311,4359591,4703896,11337
2007-06-13,1430828,460578,4326405,4668088,11157
2007-06-14,1253676,368938,3757779,4054549,10704
2007-06-15,1212882,354543,3633765,3920737,11093
2007-06-16,1340866,412089,3529139,3807847,11836
2007-06-17,1589404,484190,3924937,4234912,12202
2007-06-18,1776568,559630,4830441,5211949,12843
2007-06-19,1893764,561166,4848450,5231382,12645
2007-06-20,1596511,504316,4452703,4804376,11698
2007-06-21,1552735,478389,4235539,4570047,11570
2007-06-22,1629471,492306,3984325,4298989,11237
2007-06-23,1573965,500058,3474372,3748745,11825
2007-06-24,1653040,508335,3509347,3786485,12038
2007-06-25,1686420,525127,4436699,4787106,12433
2007-06-26,1805485,561207,4942958,5333358,12856
2007-06-27,1747838,566380,5094767,5497159,13046
2007-06-28,1898179,579678,4856908,5240507,13304
2007-06-29,1879787,523801,4255272,4591344,12753
2007-06-30,1762472,500095,3971606,4285273,12906
2007-07-01,1600008,472979,3552178,3832702,12082
2007-07-02,1475316,445619,3838695,4141853,11985
2007-07-03,1503396,460877,3771512,4069368,11931
2007-07-04,1653301,531955,3719563,4013310,12635
2007-07-05,1717783,515580,4025800,4343746,12800
2007-07-06,1806572,556093,4339037,4681729,13209
2007-07-07,1901510,570204,4046253,4365808,13201
2007-07-08,1913314,603023,4150716,4478523,12917
2007-07-09,2051068,651484,5007709,5403223,13049
2007-07-10,1888620,581547,4974802,5367717,13399
2007-07-11,1735654,534076,4767706,5144263,12774
2007-07-12,1718554,511734,4400698,4748255,11485
2007-07-13,1469234,436173,4188691,4519503,11245
2007-07-14,1597358,501123,4028157,4346283,11915
2007-07-15,1766262,564888,4286220,4624740,12177
2007-07-16,1864103,542305,4762067,5138180,12533
2007-07-17,1766991,531977,4841990,5224415,12192
2007-07-18,1860994,595448,4929435,5318769,12731
2007-07-19,2021277,610202,4731770,5105481,12527
2007-07-20,1753880,534155,4218720,4551905,12282
2007-07-21,1538034,475267,3628219,3914756,11712
2007-07-22,1444731,452703,3638102,3925416,11385
2007-07-23,1476734,468808,4039425,4358444,11361
2007-07-24,1457019,401435,4134543,4461077,10916
2007-07-25,1477877,410296,4180113,4510244,11656
2007-07-26,1671784,522077,4671933,5040923,12271
2007-07-27,1686875,531202,4509242,4865377,12323
2007-07-28,1717101,543122,4379528,4725414,13377
2007-07-29,1775549,561233,4087343,4410148,13291
2007-07-30,1629772,507555,4628843,4994428,12695
2007-07-31,1756601,560244,4882874,5268523,12510
2007-08-01,1819664,597527,4987020,5380903,12752
2007-08-02,1865709,603730,5214692,5626558,13140
2007-08-03,1930478,611455,5123697,5528376,13380
2007-08-04,2048225,650347,4790728,5169101,14583
2007-08-05,2005513,622226,4205955,4538131,13775
2007-08-06,2035230,625532,5128195,5533230,13730
2007-08-07,2184423,668748,5523577,5959850,13814
2007-08-08,2303379,732505,5831508,6292101,14438
2007-08-09,2426103,762492,5292816,5710856,15222
2007-08-10,2334305,708687,5121248,5525738,15064
2007-08-11,2003477,655171,4483319,4837402,14077
2007-08-12,1851990,625295,4408440,4756618,13439
2007-08-13,1923589,626682,4989724,5383820,13257
2007-08-14,1815569,545657,4654089,5021671,12073
2007-08-15,1867238,567189,4762825,5138991,12435
2007-08-16,2191697,627744,4913491,5301564,13714
2007-08-17,2045106,633235,5029378,5426606,13453
2007-08-18,1792253,540499,3942796,4254182,12806
2007-08-19,1797689,574566,3717766,4011376,13376
2007-08-20,2106975,629224,3967725,4281074,13512
2007-08-21,1954755,568917,4079336,4401508,13084
2007-08-22,1810644,555107,3971478,4285128,13512
2007-08-23,1729410,526721,4206790,4539027,13878
2007-08-24,2043460,618911,4994231,5388684,14655
2007-08-25,2210493,677325,4727784,5101183,15178
2007-08-26,1858213,544601,4272577,4610009,14519
2007-08-27,1788778,551753,4568215,4929010,13279
2007-08-28,1860973,566610,4703074,5074521,13173
2007-08-29,1873858,590258,4752037,5127352,13625
2007-08-30,1789170,570272,4745635,5120446,13114
2007-08-31,1839447,560414,4537585,4895963,13153
2007-09-01,1651369,483082,3674374,3964552,12949
2007-09-02,1577305,471329,3507359,3784345,12701
2007-09-03,1616374,503399,3854255,4158645,13213
2007-09-04,1736386,524967,4536203,4894473,11796
2007-09-05,1749527,533479,4683397,5053290,12139
2007-09-06,1884182,548410,4961092,5352925,12810
2007-09-07,1841552,567348,5078834,5479964,13050
2007-09-08,1781431,568532,4677121,5046517,13467
2007-09-09,1748756,536675,4321373,4662665,13196
2007-09-10,1769265,531391,4774158,5151222,12993
2007-09-11,1826914,491216,4358233,4702440,11996
2007-09-12,1682256,445225,4107898,4432328,11061
2007-09-13,1613234,400341,3997776,4313500,11007
2007-09-14,1507495,390802,3891742,4199093,11511
2007-09-15,1446017,384375,3392364,3660263,11362
2007-09-16,1243885,342449,3153238,3402250,11731
2007-09-17,1244049,350061,3663020,3952303,11208
2007-09-18,1293960,352354,3733410,4028257,11180
2007-09-19,1267712,361630,3787226,4086322,11054
2007-09-20,1325528,371158,3910195,4219000,11505
2007-09-21,1352642,368416,4045016,4364477,11226
2007-09-22,1623772,468746,4063172,4384067,12433
2007-09-23,1695585,503039,3799336,4099386,11780
2007-09-24,1592517,445779,4017881,4335193,11202
2007-09-25,1611823,452049,4920648,5309286,11268
2007-09-26,1653721,480824,5588055,6029420,11757
2007-09-27,1650088,467179,5188743,5598559,11942
2007-09-28,1568015,406789,4698421,5069504,10848
2007-09-29,1306231,356435,4261069,4597595,11393
2007-09-30,1299658,349753,4189118,4519963,11522
2007-10-01,1333017,355632,3741835,4037345,11034
2007-10-02,1366048,366272,3911890,4220830,11612
2007-10-03,1419727,413992,4152609,4480568,10865
2007-10-04,1570191,440438,4393236,4740207,10880
2007-10-05,1464161,446703,4262551,4599195,11690
2007-10-06,1509303,448705,3812414,4113500,12654
2007-10-07,1604552,464863,3925602,4235629,12251
2007-10-08,1633095,486334,4599244,4962490,11917
2007-10-09,1685745,479232,4570635,4931619,11310
2007-10-10,1534338,417966,4106193,4430485,10768
2007-10-11,1271163,333342,3699200,3991338,11428
2007-10-12,1272813,338229,3636777,3923986,12419
2007-10-13,1267732,343729,3290856,3550737,12880
2007-10-14,1275986,345421,3284754,3544152,11936
2007-10-15,1272551,351179,3722635,4016625,11073
2007-10-16,1271855,344188,3791733,4091183,10950
2007-10-17,1243333,355647,3845038,4148700,10821
2007-10-18,1308451,362844,3859473,4164273,10683
2007-10-19,1360778,363466,3891823,4199180,11543
2007-10-20,1291703,333224,3266796,3524773,12047
2007-10-21,1266332,347738,3240957,3496891,11886
2007-10-22,1255919,353189,3726149,4020416,10965
2007-10-23,1292081,357517,3925760,4235789,10510
2007-10-24,1294481,368264,3763653,4060887,10866
2007-10-25,1273988,363179,3818947,4120546,11535
2007-10-26,1269430,372212,3847401,4151248,12491
2007-10-27,1205080,345696,3274829,3533440,12209
2007-10-28,1253570,356528,3294762,3554952,12158
2007-10-29,1432603,428008,4073676,4395401,12675
2007-10-30,1507648,440262,4133722,4460193,12348
2007-10-31,1400242,410661,3966649,4279919,11889
2007-11-01,1236073,377024,3838818,4141986,11601
2007-11-02,1313325,404656,4042536,4361800,13164
2007-11-03,1368327,433637,3743930,4039601,14177
2007-11-04,1429947,408570,3694504,3986280,13461
2007-11-05,1428307,416280,4150488,4478282,12603
2007-11-06,1403281,411674,4213106,4545840,12476
2007-11-07,1602879,484416,4462550,4814998,13913
2007-11-08,1721807,547050,4751347,5126610,14975
2007-11-09,1576133,476001,4518177,4875015,15584
2007-11-10,1591424,458763,4169235,4498510,16835
2007-11-11,1619788,489214,3979171,4293425,15580
2007-11-12,1411645,403992,4015664,4332807,14194
2007-11-13,1295640,365878,3895417,4203055,12334
2007-11-14,1229902,362182,3873042,4178918,12211
2007-11-15,1408468,417007,4149407,4477115,13592
2007-11-16,1677066,501302,4526040,4883505,16660
2007-11-17,1659807,513941,4295495,4634748,17161
2007-11-18,1513919,449648,4056917,4377312,15789
2007-11-19,1422732,417458,4465963,4818681,15147
2007-11-20,1385993,393085,4141343,4468411,14548
2007-11-21,1300562,387636,3731512,4026208,14056
2007-11-22,1129793,362241,3028843,3268024,15458
2007-11-23,1349710,473735,3824843,4126908,18050
2007-11-24,1827638,569402,4345967,4689205,19365
2007-11-25,1632441,475143,4063537,4384461,16287
2007-11-26,1468529,446543,4148793,4476453,13811
2007-11-27,1341617,404259,4169244,4498515,13703
2007-11-28,1625327,472971,4516790,4873522,14739
2007-11-29,1665282,484464,4472632,4825876,15063
2007-11-30,1660286,496552,4501171,4856667,15930
2007-12-01,1711993,482848,4390900,4737685,16025
2007-12-02,1622177,513674,4450569,4802065,15449
2007-12-03,1545591,494274,4823084,5204014,15097
2007-12-04,1929666,601433,5283768,5701094,16112
2007-12-05,1861236,594156,5515621,5951263,16787
2007-12-06,1987864,616342,5488325,5921815,17055
2007-12-07,1962683,623024,5323634,5744112,17140
2007-12-08,1502574,452714,4409329,4757574,15261
2007-12-09,1359838,393295,4228432,4562383,13948
2007-12-10,1261893,376472,4495369,4850414,12380
2007-12-11,1312511,366947,4373456,4718866,12157
2007-12-12,1260843,381349,4199417,4531077,12318
2007-12-13,1365782,419965,4803073,5182423,13503
2007-12-14,1416694,428996,4650942,5018272,13968
2007-12-15,1845023,587057,4869457,5254051,16939
2007-12-16,1855910,576424,4627626,4993111,17778
2007-12-17,1938376,633973,5236267,5649839,20886
2007-12-18,2026192,618487,5323013,5743440,16981
2007-12-19,1937054,572958,5083526,5485032,16255
2007-12-20,1866175,543353,4998635,5393431,15764
2007-12-21,1856255,580409,4818596,5199168,16457
2007-12-22,1671281,522873,4328403,4670247,16024
2007-12-23,1479799,480320,3971939,4285626,15559
2007-12-24,1544440,502536,3952385,4264526,16423
2007-12-25,1580808,468949,3687084,3978268,16478
2007-12-26,1733021,516597,4527190,4884741,16815
2007-12-27,1518681,489658,4337164,4679701,16650
2007-12-28,1627277,519829,4551600,4911080,16899
2007-12-29,1445259,444628,3952885,4265066,15853
2007-12-30,1575175,496972,4368601,4713628,17402
2007-12-31,1611919,497113,4117431,4442613,16593
2008-01-01,1751170,547931,4081181,4403496,17119
2008-01-02,2270683,795831,5649178,6095369,18879
2008-01-03,2365111,795499,5986340,6459165,19354
2008-01-04,2258712,709172,5672843,6120908,18595
2008-01-05,1929453,580418,4610439,4974566,16564
2008-01-06,1500820,453547,3918580,4228054,14446
2008-01-07,1412836,417930,3940337,4251528,13231
2008-01-08,1358248,384594,3933021,4243629,13131
2008-01-09,1302119,372462,3912231,4221201,12775
2008-01-10,1563166,504219,4664369,5032764,14880
2008-01-11,1346464,444147,4311340,4651838,14584
2008-01-12,1569853,480404,4117790,4443002,14992
2008-01-13,1768863,545561,4506136,4862024,15360
2008-01-14,1846042,599645,5049432,5448242,15796
2008-01-15,2046952,635830,5452135,5882762,16892
2008-01-16,1998785,629726,5269070,5685232,16313
2008-01-17,2040559,666860,5329867,5750834,16585
2008-01-18,1813057,562873,4900352,5287390,15540
2008-01-19,1927098,586493,4734948,5108916,17361
2008-01-20,2200133,767340,5610519,6053656,20096
2008-01-21,2403905,805347,6059503,6538112,20397
2008-01-22,2180537,677126,5621418,6065419,18055
2008-01-23,1802666,543632,5045013,5443484,15538
2008-01-24,2083260,671151,5591954,6033622,17430
2008-01-25,2218408,722913,5778437,6234842,19103
2008-01-26,1979686,600470,5150968,5557802,18113
2008-01-27,1871687,537081,4789154,5167402,17018
2008-01-28,1876017,538568,4972026,5364718,15727
2008-01-29,1632227,474526,5002722,5397843,14663
2008-01-30,1545187,494046,4818535,5199107,15370
2008-01-31,1888170,607013,5264989,5680833,16152
2008-02-01,1804542,631026,5296783,5715133,16606
2008-02-02,1724540,525575,4642690,5009373,15864
2008-02-03,1594241,471637,4394227,4741278,15239
2008-02-04,1449510,430191,4460520,4812809,14012
2008-02-05,1310245,378191,4370689,4715879,12723
2008-02-06,1221617,352895,3989385,4304452,12759
2008-02-07,1270803,420907,4392458,4739368,13971
2008-02-08,1528250,469751,4662008,5030213,15252
2008-02-09,1461001,443806,4223953,4557551,15309
2008-02-10,1498776,471921,4631946,4997774,15183
2008-02-11,1902233,644806,5937402,6406361,16254
2008-02-12,1943512,686692,5856579,6319161,16994
2008-02-13,1798330,620102,5425157,5853653,16085
2008-02-14,1842249,597547,5270116,5686360,16319
2008-02-15,1629237,503403,4746697,5121592,15445
2008-02-16,1441102,416195,4419000,4768003,15950
2008-02-17,1547646,502096,4444389,4795400,16429
2008-02-18,1267221,422465,4211518,4544133,14538
2008-02-19,1623565,534701,5021369,5417968,15979
2008-02-20,1686192,568271,5633103,6078026,17228
2008-02-21,1876021,635553,5704685,6155258,17657
2008-02-22,1928930,618330,5380294,5805241,16844
2008-02-23,1624913,495771,4808962,5188774,15707
2008-02-24,1706545,583021,4604349,4968000,16121
2008-02-25,1583767,490053,4729758,5103312,14512
2008-02-26,1544156,476589,4928279,5317518,14943
2008-02-27,1747004,623974,5257436,5672679,17226
2008-02-28,2020243,679065,5835135,6296020,18675
2008-02-29,1789537,597731,5407242,5834325,18034
2008-03-01,1455694,437228,4485092,4839323,16857
2008-03-02,1514042,447764,4391874,4738741,15771
2008-03-03,1418248,409301,4242775,4577857,13588
2008-03-04,1219232,349213,3931610,4242107,12934
2008-03-05,1250491,393195,4135639,4462259,11684
2008-03-06,1446229,442652,4472876,4826139,14504
2008-03-07,1547198,465040,4596115,4959116,16169
2008-03-08,1510169,477442,4313175,4653818,17220
2008-03-09,1780271,564959,4673890,5043032,17698
2008-03-10,1602759,484636,4752508,5127860,15284
2008-03-11,1435716,415246,4377415,4723135,13332
2008-03-12,1450552,418861,4305348,4645380,13249
2008-03-13,1418658,402200,4350932,4694560,13490
2008-03-14,1231739,345173,3873691,4179617,13602
2008-03-15,1215401,354284,3496128,3772227,14221
2008-03-16,1286231,384058,3789036,4088276,14101
2008-03-17,1535687,446071,4440781,4791511,14157
2008-03-18,1596368,451121,4383102,4729272,13382
2008-03-19,1286703,367685,4115766,4440810,12323
2008-03-20,1307941,389746,4195049,4526368,13270
2008-03-21,1409906,391953,3996486,4312110,13510
2008-03-22,1283841,370903,3901220,4209320,13191
2008-03-23,1377562,415953,3879022,4185371,13652
2008-03-24,1489338,477295,4304661,4644631,14351
2008-03-25,1454226,487040,4484566,4838754,14268
2008-03-26,1227508,391854,3951335,4263392,12133
2008-03-27,1138978,338765,3941435,4252722,12335
2008-03-28,1142716,318018,3803365,4103737,11967
2008-03-29,1347493,354894,3916812,4226146,13376
2008-03-30,1586636,480341,4144171,4471461,13876
2008-03-31,1529924,473039,4354479,4698386,13129
2008-04-01,1264338,368444,3881922,4188497,11674
2008-04-02,1217174,344048,3926048,4236112,11769
2008-04-03,1497838,445843,4512995,4869430,13559
2008-04-04,1380460,409669,4174191,4503854,13137
2008-04-05,1208613,345970,3351685,3616365,12273
2008-04-06,1346409,410400,3688782,3980105,13241
2008-04-07,1309650,421647,4254594,4590609,12418
2008-04-08,1242080,392240,4192586,4523708,11615
2008-04-09,1099499,356486,3895856,4203537,11290
2008-04-10,1035693,348282,3776104,4074317,11177
2008-04-11,1048104,340084,3646575,3934559,11183
2008-04-12,1088973,332533,3199258,3451899,11285
2008-04-13,1111426,357274,3360279,3625648,12811
2008-04-14,1294531,445447,3948654,4260496,13337
2008-04-15,1270786,420033,4011776,4328610,12855
2008-04-16,1283848,409010,3913666,4222753,12075
2008-04-17,1209024,374358,3738512,4033760,11895
2008-04-18,1133982,352784,3590434,3873982,11509
2008-04-19,1140242,321955,3113565,3359438,11502
2008-04-20,1069062,326099,3142434,3390587,11380
2008-04-21,1010355,348475,3690025,3981440,11455
2008-04-22,949893,344827,3706279,3998972,11110
2008-04-23,945921,341432,3663737,3953075,11049
2008-04-24,1041277,352766,3711732,4004860,11042
2008-04-25,1091034,348275,3669976,3959804,11029
2008-04-26,1200004,358979,3447688,3719966,11605
2008-04-27,1105462,337342,3221951,3476387,11298
2008-04-28,1091065,337413,3708121,4000966,11491
2008-04-29,1147909,365978,3881177,4187691,12389
2008-04-30,1214131,379653,3909638,4218398,12260
2008-05-01,1175589,349864,3794677,4094358,11719
2008-05-02,1156628,347834,3541139,3820786,11581
2008-05-03,1148196,343691,3243066,3499170,11905
2008-05-04,1210533,347871,3132221,3379570,11366
2008-05-05,1075173,343048,3609165,3894192,11329
2008-05-06,1106715,345662,3661948,3951139,11252
2008-05-07,1003220,358568,3774025,4072072,11586
2008-05-08,1060333,354325,3766518,4063975,10895
2008-05-09,1212188,339382,3547212,3827348,11136
2008-05-10,1195663,333665,3201909,3454766,12013
2008-05-11,1180371,338255,3339958,3603720,12333
2008-05-12,1208059,367421,4050484,4370378,12746
2008-05-13,1186811,355617,3895658,4203317,11687
2008-05-14,1090021,341187,3715848,4009301,11311
2008-05-15,1071742,342817,3787877,4087016,11081
2008-05-16,1102395,342080,3605436,3890169,11265
2008-05-17,1116383,330551,3269931,3528164,11666
2008-05-18,1082699,328224,3182565,3433891,11724
2008-05-19,1072006,343888,3612878,3898203,11511
2008-05-20,1052706,338603,3809162,4109989,11579
2008-05-21,913798,334967,3765354,4062718,11534
2008-05-22,997694,343642,3712998,4006227,11285
2008-05-23,1077820,340976,3554920,3835662,11398
2008-05-24,1290397,361930,3158964,3408429,11748
2008-05-25,1301737,374249,3115210,3361211,12062
2008-05-26,1280052,408326,3304133,3565061,12142
2008-05-27,1280065,429894,3994519,4309992,11288
2008-05-28,1109666,355808,3748262,4044276,10718
2008-05-29,1130380,358410,3828507,4130857,10911
2008-05-30,1237874,414807,3995708,4311273,11263
2008-05-31,1553754,467382,3721467,4015365,12214
2008-06-01,1496199,442609,3594500,3878372,11409
2008-06-02,1365190,429134,3892508,4199917,10758
2008-06-03,1333905,403258,4047453,4367109,11173
2008-06-04,1523971,494679,3995201,4310729,9692
2008-06-05,1762400,571910,4479247,4833009,12582
2008-06-06,1928092,618951,4941424,5331704,13506
2008-06-07,2048664,632566,4930503,5319916,14116
2008-06-08,2061173,643740,4846011,5228747,13918
2008-06-09,2049691,648758,5440906,5870640,13368
2008-06-10,2002696,612691,5289730,5707522,12923
2008-06-11,1807370,542822,4776884,5154169,11957
2008-06-12,1799511,521551,4814215,5194442,11985
2008-06-13,1808359,549999,4818484,5199049,12551
2008-06-14,1815498,496411,4216678,4549702,12349
2008-06-15,1674184,507660,3963935,4276988,12423
2008-06-16,1618882,509133,4049636,4369458,11446
2008-06-17,1429947,445503,3968158,4281544,10697
2008-06-18,1245388,398609,3869296,4174872,10607
2008-06-19,1267117,415392,3810115,4111014,10870
2008-06-20,1316228,424537,3879838,4186242,10807
2008-06-21,1387411,460203,3866585,4171952,11658
2008-06-22,1433686,443667,3811310,4112307,11593
